---
title: 二十二、MySQL 返回删改查受影响的行数
abbrlink: 6d9b678
categories: 
tags: 
date: 
updated: 
top_img: https://www.bing.com/th?id=OHR.FourTigresses_ZH-CN4095017352_UHD.jpg
cover: https://www.bing.com/th?id=OHR.LongsPeak_ZH-CN5927119555_UHD.jpg
keywords: 
---
# 二十二、MySQL 返回删改查受影响的行数

在执行 `SELECT` 、 `DELATE` 和 `UPDATE` 命令时最关心的应该是查询或删除或更新了多少条数据

这在 `mysql>` 命令行中使用时是非常直观的，比如下面的执行结果

#### DELETE

```SH
MariaDB [souyunku]> DELETE FROM `tbl_language` WHERE name='Python';
Query OK, 1 row affected (0.01 sec)
```

`1 row affected` 表示删除了一条

#### UPDATE

```SH
MariaDB [test]> UPDATE tbl_language SET url='python' WHERE name='Python';
Query OK, 1 row affected (0.01 sec)
Rows matched: 1  Changed: 1  Warnings: 0
```

`1 row affected` 表示更新了一条

#### SELECT

```sh
MariaDB [test2]> SELECT * FROM tbl_language WHERE  name='Python';
+----+--------+----------------------+------------+
| id | name   | url                  | founded_at |
+----+--------+----------------------+------------+
|  1 | Python | python				 | 1991-02-20 |
+----+--------+----------------------+------------+
1 row in set (0.00 sec)
```

`1 row in set` 表示只有一条数据

但是在 PHP 中要怎么获取呢？

### 准备测试数据

可以在 `mysql>` 命令行中运行以下语句填充范例数据

```sh
DROP TABLE IF EXISTS `tbl_language`;

CREATE TABLE IF NOT EXISTS `tbl_language`(
   `id` INT UNSIGNED AUTO_INCREMENT,
   `name` VARCHAR(64) NOT NULL,
   `url` VARCHAR(128) NOT NULL,
   `founded_at` DATE,
   PRIMARY KEY ( `id` )
)ENGINE=InnoDB DEFAULT CHARSET=utf8mb4;

INSERT INTO `tbl_language` VALUES
    (1,'Python','python','1991-2-20'),
    (2,'PHP','php','1994-1-1'),
    (3,'Ruby','ruby','1996-12-25');
```

上面的  脚本执行结果如下

```
成功删除 1行
```

## PHP 脚本返回删改受影响的行数

PHP 中的 `PDO::exec()` 会直接返回 `UPDATE` 和 `DELETE` 作用的行数

```php
<?php 

$sql= "DELETE FROM tbl_language WHERE name='Python';";

$dbh = new PDO('mysql:host=127.0.0.1;dbname=test2', 'root', '');    

$rowCount = $dbh->exec($sql);
echo '成功删除 ', $rowCount, "行\n";
```

## PHP 脚本计算 SELECT 语句返回的行数

`PHP` 中并没有专门的函数用来返回 `SELECT` 操作会返回多少条数据

替代的方法是，使用 `PDO::query()` 来发出一条和原打算中的 SELECT 语句有相同条件表达式的 `SELECT COUNT(*)` 语句，然后用 `PDOStatement::fetchColumn()` 来取得下一行

```php
<?php 

$sql= "SELECT * FROM tbl_language;";

$dbh = new PDO('mysql:host=127.0.0.1;dbname=test2', 'root', '');    

$stmt = $dbh->query('SELECT COUNT(*) FROM tbl_language;');
if ($stmt)
{
    $rowCount = $stmt->fetchColumn();

    echo "总共查询了: ", $rowCount, " 条数据\n";

    if ( $rowCount > 0 )
    {
        $stmt = $dbh->query($sql);
        foreach($stmt as $row)
        {
            var_dump($row);
        }
    }
}
```

执行上面的 PHP 脚本，执行结果如下

```sh
总共查询了: 2 条数据
array(8) {
  ["id"]=>
  string(1) "2"
  [0]=>
  string(1) "2"
  ["name"]=>
  string(3) "PHP"
  [1]=>
  string(3) "PHP"
  ["url"]=>
  string(18) "php"
  [2]=>
  string(18) "php"
  ["founded_at"]=>
  string(10) "1994-01-01"
  [3]=>
  string(10) "1994-01-01"
}
array(8) {
  ["id"]=>
  string(1) "3"
  [0]=>
  string(1) "3"
  ["name"]=>
  string(4) "Ruby"
  [1]=>
  string(4) "Ruby"
  ["url"]=>
  string(26) "ruby"
  [2]=>
  string(26) "ruby"
  ["founded_at"]=>
  string(10) "1996-12-25"
  [3]=>
  string(10) "1996-12-25"
}
```