---
title: 被 MySQL sql_mode 深深伤害（ 中 ）
keywords: 被 MySQL sql_mode 深深伤害（ 中 ）
abbrlink: df2bcbf8
categories: 
tags: 
date: 
updated: 
top_img: https://www.bing.com/th?id=OHR.AmboseliElephants_ZH-CN2078609290_UHD.jpg
cover: https://www.bing.com/th?id=OHR.MtTsubakuro_ZH-CN0305525340_UHD.jpg
---
# 四、被 MySQL sql_mode 深深伤害（ 中 ）

前一章节我们讲解了 MySQL `sql_mode` 的一些概要的知识，讲解了使用 `select @@sql_mode;` 语句可以查看当前 MySQL 连接的 sql_mode

但因为篇幅有限制，我们还没有讲解如何设置 sql_mode，本章节我们就来学习下如何设置 sql_mode，以及 5.0 以上版本中新增的三种概要 sql_mode

## 改变当前连接的 sql_mode

这应该是当发现想要运行的 SQL 发生问题时的第一想法，当然了，这是可行的，MySQL 5.0 以后的版本，几乎所有的配置都可以使用 SQL 语句来完成。

我们可以使用 `set` 命令来设置当前连接的 sql_mode ，具体的语法如下

```sql
set sql_mode=(select replace(@@sql_mode,'[SQL_MODE]','')); 
```

具体来说，就是使用空白 `''` 把 `[SQL_MODE]` 替换掉，比如我们要允许 `timestamp` 字段可以使用 `0` 或 `0000-00-00 00:00:00` ，则可以使用下面的语句把 `NO_ZERO_DATE` 和 `ERROR_FOR_DIVISION_BY_ZERO` 都替换掉

```sql
set sql_mode=(select replace(@@sql_mode,'NO_ZERO_DATE','')); 
set sql_mode=(select replace(@@sql_mode,'ERROR_FOR_DIVISION_BY_ZERO','')); 
```

这样我们就可以执行下面这个建表语句了

```sql
CREATE TABLE `test`.`user` (
     `id` int AUTO_INCREMENT,
     `created_at` timestamp NOT NULL DEFAULT '0000-00-00 00:00:00',
      PRIMARY KEY (`id`)
     );
```

运行结果如下

```sql
mysql> drop table user;
Query OK, 0 rows affected (0.01 sec)

mysql> CREATE TABLE `test`.`user` (
    ->      `id` int AUTO_INCREMENT,
    ->      `created_at` timestamp NOT NULL DEFAULT '0000-00-00 00:00:00',
    ->       PRIMARY KEY (`id`)
    ->      );
Query OK, 0 rows affected (0.05 sec)

mysql> show tables;
+---------------------+
| Tables_in_test      |
+---------------------+
| user                |
+---------------------+
1 rows in set (0.01 sec)
```

当然了，这样的设置仅限于当前连接，如果断开连接，然后重新再连接，那么还是创建失败

```sql
mysql> drop table user;
Query OK, 0 rows affected (0.01 sec)

mysql> CREATE TABLE `test`.`user` (
    ->      `id` int AUTO_INCREMENT,
    ->      `created_at` timestamp NOT NULL DEFAULT '0000-00-00 00:00:00',
    ->       PRIMARY KEY (`id`)
    ->      );
ERROR 1067 (42000): Invalid default value for 'created_at'
```

在这种情况下，我们就需要设置全局的 sql_mode 了

## 获取全局的 sql_mode

上一章节我们只阐述了如何获取当前连接的 sql_mode，但是忘记讲述如何获取全局的 sql_mode 了

方法也很简单，就是把 `select @@sql_mode;` 改成 `select @@global.sql_mode;` 而已

```sql
mysql> select @@global.sql_mode\G
*************************** 1. row ***************************
@@global.sql_mode: ONLY_FULL_GROUP_BY,
STRICT_TRANS_TABLES,
NO_ZERO_IN_DATE,
NO_ZERO_DATE,
ERROR_FOR_DIVISION_BY_ZERO,
NO_AUTO_CREATE_USER,
NO_ENGINE_SUBSTITUTION
1 row in set (0.00 sec)
```

可以看到，其实在没有任何设置之前，当前连接的 sql_mode 是和全局的一样的

## 设置全局的 sql_mode

设置全局的 `sql_mode` 也很简单，就是把

```sql
set global sql_mode=(select replace(@@global.sql_mode,'NO_ZERO_DATE','')); 
set global sql_mode=(select replace(@@sql_mode,'ERROR_FOR_DIVISION_BY_ZERO','')); 
```

> 注意，`set global sql_mode` 中的 `global` 和 `sql_mode` 是空格分开的 `' '`

这样，即使断开连接，重新再连，也可以设置 `timestamp` 类型的字段的默认值为 `0`

## 持久化设置 sql_mode

上面这种 `set global sql_mode` 的方式会在 MySQL 重启时失效，如果要永久性的生效，有两种办法

1、 第一种方法是改动 `information_schema` 表中的数据，这种方法我们不推荐

2、 另一种方法就是改动 `my.cnf` ，在 `[mysqld]` 节中添加 `sql_mode`，如下所示

```sql
    [mysqld]
    sql_mode='ONLY_FULL_GROUP_BY,STRICT_TRANS_TABLES,NO_ZERO_IN_DATE,NO_ZERO_DATE,
    ERROR_FOR_DIVISION_BY_ZERO,NO_AUTO_CREATE_USER,NO_ENGINE_SUBSTITUTION'
```

使用这种方法之前，最好先使用 `select @@global.sql_mode;` 语句查看当前的数据库的全局配置，然后去掉那些你不想要的

当然了，每次看到那长长的一串，是不是有点觉得复杂，还好，MySQL 5.0 以上添加了 3 种特别模式，针对常用的 sql_mode 做了一些集合

因为篇幅的限制，这三种概要模式我们在下一章节中再阐述吧